open,high,low,close,volume,thscode,time,thsname_cn,thsname_en,currency
3979.88,3995.18,3976.47,3979.89,573538949.0,000001.SH,20260901,NA,NA,CNY
3963.07,3965.81,3932.25,3941.39,516472775.0,000001.SH,20260902,NA,NA,CNY
3952.79,3968.11,3930.45,3942.09,496990189.0,000001.SH,20260903,NA,NA,CNY
3955.55,3980.2,3915.22,3930.12,537286161.0,000001.SH,20260904,NA,NA,CNY
3942.51,3948.42,3916.49,3932.7,477375261.0,000001.SH,20260907,NA,NA,CNY
14017.42,14018.51,13845.55,13872.38,221774530.0,399001.SZ,20260901,NA,NA,CNY
13732.18,13732.18,13549.77,13611.55,186953044.0,399001.SZ,20260902,NA,NA,CNY
13711.07,13742.89,13531.53,13625.12,174293446.0,399001.SZ,20260903,NA,NA,CNY
13725.65,13798.36,13448.79,13516.97,219193518.0,399001.SZ,20260904,NA,NA,CNY
13605.02,13811.26,13590.82,13774.91,184913016.0,399001.SZ,20260907,NA,NA,CNY
3435.32,3442.48,3375.01,3393.43,34137826.0,399006.SZ,20260901,NA,NA,CNY
3347.68,3348.69,3296.47,3312.24,27961730.0,399006.SZ,20260902,NA,NA,CNY
3342.09,3356.25,3285.06,3312.54,25702511.0,399006.SZ,20260903,NA,NA,CNY
3344.62,3370.47,3266.8,3286.55,35150610.0,399006.SZ,20260904,NA,NA,CNY
3326.42,3409.36,3320.27,3398.68,29325362.0,399006.SZ,20260907,NA,NA,CNY
